{
	"Name": "IBM Extended Editors",
	"Description": "IBM Extended Editors",
	"Locale": "",
	"Version": "1.0.5",
	"Extensions": [
		{
			"id": "MergedEditorsPlugin",
			"title": "Merged Editors Plugin",
			"description": "desc string",
			"type": "ViewDesignerExtensions",
			"packages": {
				"str": "/navigator/plugin/MergedEditorsPlugin/getResource/str",
				"ibm": "/navigator/plugin/MergedEditorsPlugin/getResource/ibm"
			},
			"css": [
				  "/navigator/plugin/MergedEditorsPlugin/getResource/str/resources/StringEditor.css"
			],
			"bootstrapModule": "/navigator/plugin/MergedEditorsPlugin/getResource/InitializerMerged.js",
			"bootstrapMethod": "initialize"
		}
	]
}
